step,mode,loss,angle_error(rad),distance(m)
1,training,0.0,0.0,0.0,0,0,0
2,training,0.0,0.0,0.0,0,0,0
3,training,0.023291286,0.6183182597160339,0.0,1,0,0
4,training,0.0,0.0,0.0,1,0,0
5,training,0.0,0.0,0.0,1,0,0
6,training,0.11512299,0.4290713258087635,0.0,2,0,0
7,training,0.0,0.0,0.09509251491589288,2,0,0
8,training,0.0,0.0,0.09509251491589288,2,0,0
9,training,0.0,0.0,0.09509251491589288,2,0,0
10,training,0.0,0.0,0.09509251491589288,2,0,0
11,training,0.0,0.0,0.09509251491589288,2,0,0
